1781381864	003123	00001	0	time_s_1781381864_id__id_003123_num_00001_.csv	chunk_(two_mics)__id_003123_num_00001__record_0_stero.wav
1781381864	003123	00001	1	time_s_1781381864_id__id_003123_num_00001_.csv	chunk_(two_mics)__id_003123_num_00001__record_1_stero.wav
1781381864	003123	00001	2	time_s_1781381864_id__id_003123_num_00001_.csv	chunk_(two_mics)__id_003123_num_00001__record_2_stero.wav
1781381864	003123	00001	3	time_s_1781381864_id__id_003123_num_00001_.csv	chunk_(two_mics)__id_003123_num_00001__record_3_stero.wav
1781381864	003123	00001	4	time_s_1781381864_id__id_003123_num_00001_.csv	chunk_(two_mics)__id_003123_num_00001__record_4_stero.wav
1781381864	003123	00001	5	time_s_1781381864_id__id_003123_num_00001_.csv	chunk_(two_mics)__id_003123_num_00001__record_5_stero.wav
1781381864	003123	00001	6	time_s_1781381864_id__id_003123_num_00001_.csv	chunk_(two_mics)__id_003123_num_00001__record_6_stero.wav
1781381864	003123	00001	7	time_s_1781381864_id__id_003123_num_00001_.csv	chunk_(two_mics)__id_003123_num_00001__record_7_stero.wav
1781381864	003123	00001	8	time_s_1781381864_id__id_003123_num_00001_.csv	chunk_(two_mics)__id_003123_num_00001__record_8_stero.wav
1781381864	003123	00001	9	time_s_1781381864_id__id_003123_num_00001_.csv	chunk_(two_mics)__id_003123_num_00001__record_9_stero.wav
1781381891	016071	00002	0	time_s_1781381891_id__id_016071_num_00002_.csv	chunk_(two_mics)__id_016071_num_00002__record_0_stero.wav
1781381891	016071	00002	1	time_s_1781381891_id__id_016071_num_00002_.csv	chunk_(two_mics)__id_016071_num_00002__record_1_stero.wav
1781381891	016071	00002	2	time_s_1781381891_id__id_016071_num_00002_.csv	chunk_(two_mics)__id_016071_num_00002__record_2_stero.wav
1781381891	016071	00002	3	time_s_1781381891_id__id_016071_num_00002_.csv	chunk_(two_mics)__id_016071_num_00002__record_3_stero.wav
1781381891	016071	00002	4	time_s_1781381891_id__id_016071_num_00002_.csv	chunk_(two_mics)__id_016071_num_00002__record_4_stero.wav
1781381891	016071	00002	5	time_s_1781381891_id__id_016071_num_00002_.csv	chunk_(two_mics)__id_016071_num_00002__record_5_stero.wav
1781381891	016071	00002	6	time_s_1781381891_id__id_016071_num_00002_.csv	chunk_(two_mics)__id_016071_num_00002__record_6_stero.wav
1781381891	016071	00002	7	time_s_1781381891_id__id_016071_num_00002_.csv	chunk_(two_mics)__id_016071_num_00002__record_7_stero.wav
1781381891	016071	00002	8	time_s_1781381891_id__id_016071_num_00002_.csv	chunk_(two_mics)__id_016071_num_00002__record_8_stero.wav
1781381891	016071	00002	9	time_s_1781381891_id__id_016071_num_00002_.csv	chunk_(two_mics)__id_016071_num_00002__record_9_stero.wav
1781381915	008353	00003	0	time_s_1781381915_id__id_008353_num_00003_.csv	chunk_(two_mics)__id_008353_num_00003__record_0_stero.wav
1781381915	008353	00003	1	time_s_1781381915_id__id_008353_num_00003_.csv	chunk_(two_mics)__id_008353_num_00003__record_1_stero.wav
1781381915	008353	00003	2	time_s_1781381915_id__id_008353_num_00003_.csv	chunk_(two_mics)__id_008353_num_00003__record_2_stero.wav
1781381915	008353	00003	3	time_s_1781381915_id__id_008353_num_00003_.csv	chunk_(two_mics)__id_008353_num_00003__record_3_stero.wav
1781381915	008353	00003	4	time_s_1781381915_id__id_008353_num_00003_.csv	chunk_(two_mics)__id_008353_num_00003__record_4_stero.wav
1781381915	008353	00003	5	time_s_1781381915_id__id_008353_num_00003_.csv	chunk_(two_mics)__id_008353_num_00003__record_5_stero.wav
1781381915	008353	00003	6	time_s_1781381915_id__id_008353_num_00003_.csv	chunk_(two_mics)__id_008353_num_00003__record_6_stero.wav
1781381915	008353	00003	7	time_s_1781381915_id__id_008353_num_00003_.csv	chunk_(two_mics)__id_008353_num_00003__record_7_stero.wav
1781381915	008353	00003	8	time_s_1781381915_id__id_008353_num_00003_.csv	chunk_(two_mics)__id_008353_num_00003__record_8_stero.wav
1781381915	008353	00003	9	time_s_1781381915_id__id_008353_num_00003_.csv	chunk_(two_mics)__id_008353_num_00003__record_9_stero.wav
1781381939	031956	00004	0	time_s_1781381939_id__id_031956_num_00004_.csv	chunk_(two_mics)__id_031956_num_00004__record_0_stero.wav
1781381939	031956	00004	1	time_s_1781381939_id__id_031956_num_00004_.csv	chunk_(two_mics)__id_031956_num_00004__record_1_stero.wav
1781381939	031956	00004	2	time_s_1781381939_id__id_031956_num_00004_.csv	chunk_(two_mics)__id_031956_num_00004__record_2_stero.wav
1781381939	031956	00004	3	time_s_1781381939_id__id_031956_num_00004_.csv	chunk_(two_mics)__id_031956_num_00004__record_3_stero.wav
1781381939	031956	00004	4	time_s_1781381939_id__id_031956_num_00004_.csv	chunk_(two_mics)__id_031956_num_00004__record_4_stero.wav
1781381939	031956	00004	5	time_s_1781381939_id__id_031956_num_00004_.csv	chunk_(two_mics)__id_031956_num_00004__record_5_stero.wav
1781381939	031956	00004	6	time_s_1781381939_id__id_031956_num_00004_.csv	chunk_(two_mics)__id_031956_num_00004__record_6_stero.wav
1781381939	031956	00004	7	time_s_1781381939_id__id_031956_num_00004_.csv	chunk_(two_mics)__id_031956_num_00004__record_7_stero.wav
1781381939	031956	00004	8	time_s_1781381939_id__id_031956_num_00004_.csv	chunk_(two_mics)__id_031956_num_00004__record_8_stero.wav
1781381939	031956	00004	9	time_s_1781381939_id__id_031956_num_00004_.csv	chunk_(two_mics)__id_031956_num_00004__record_9_stero.wav
1781381966	005719	00005	0	time_s_1781381966_id__id_005719_num_00005_.csv	chunk_(two_mics)__id_005719_num_00005__record_0_stero.wav
1781381966	005719	00005	1	time_s_1781381966_id__id_005719_num_00005_.csv	chunk_(two_mics)__id_005719_num_00005__record_1_stero.wav
1781381966	005719	00005	2	time_s_1781381966_id__id_005719_num_00005_.csv	chunk_(two_mics)__id_005719_num_00005__record_2_stero.wav
1781381966	005719	00005	3	time_s_1781381966_id__id_005719_num_00005_.csv	chunk_(two_mics)__id_005719_num_00005__record_3_stero.wav
1781381966	005719	00005	4	time_s_1781381966_id__id_005719_num_00005_.csv	chunk_(two_mics)__id_005719_num_00005__record_4_stero.wav
1781381966	005719	00005	5	time_s_1781381966_id__id_005719_num_00005_.csv	chunk_(two_mics)__id_005719_num_00005__record_5_stero.wav
1781381966	005719	00005	6	time_s_1781381966_id__id_005719_num_00005_.csv	chunk_(two_mics)__id_005719_num_00005__record_6_stero.wav
1781381966	005719	00005	7	time_s_1781381966_id__id_005719_num_00005_.csv	chunk_(two_mics)__id_005719_num_00005__record_7_stero.wav
1781381966	005719	00005	8	time_s_1781381966_id__id_005719_num_00005_.csv	chunk_(two_mics)__id_005719_num_00005__record_8_stero.wav
1781381966	005719	00005	9	time_s_1781381966_id__id_005719_num_00005_.csv	chunk_(two_mics)__id_005719_num_00005__record_9_stero.wav
1781381993	011536	00006	0	time_s_1781381993_id__id_011536_num_00006_.csv	chunk_(two_mics)__id_011536_num_00006__record_0_stero.wav
1781381993	011536	00006	1	time_s_1781381993_id__id_011536_num_00006_.csv	chunk_(two_mics)__id_011536_num_00006__record_1_stero.wav
1781381993	011536	00006	2	time_s_1781381993_id__id_011536_num_00006_.csv	chunk_(two_mics)__id_011536_num_00006__record_2_stero.wav
1781381993	011536	00006	3	time_s_1781381993_id__id_011536_num_00006_.csv	chunk_(two_mics)__id_011536_num_00006__record_3_stero.wav
1781381993	011536	00006	4	time_s_1781381993_id__id_011536_num_00006_.csv	chunk_(two_mics)__id_011536_num_00006__record_4_stero.wav
1781381993	011536	00006	5	time_s_1781381993_id__id_011536_num_00006_.csv	chunk_(two_mics)__id_011536_num_00006__record_5_stero.wav
1781381993	011536	00006	6	time_s_1781381993_id__id_011536_num_00006_.csv	chunk_(two_mics)__id_011536_num_00006__record_6_stero.wav
1781381993	011536	00006	7	time_s_1781381993_id__id_011536_num_00006_.csv	chunk_(two_mics)__id_011536_num_00006__record_7_stero.wav
1781381993	011536	00006	8	time_s_1781381993_id__id_011536_num_00006_.csv	chunk_(two_mics)__id_011536_num_00006__record_8_stero.wav
1781381993	011536	00006	9	time_s_1781381993_id__id_011536_num_00006_.csv	chunk_(two_mics)__id_011536_num_00006__record_9_stero.wav
1781382019	024540	00007	0	time_s_1781382019_id__id_024540_num_00007_.csv	chunk_(two_mics)__id_024540_num_00007__record_0_stero.wav
1781382019	024540	00007	1	time_s_1781382019_id__id_024540_num_00007_.csv	chunk_(two_mics)__id_024540_num_00007__record_1_stero.wav
1781382019	024540	00007	2	time_s_1781382019_id__id_024540_num_00007_.csv	chunk_(two_mics)__id_024540_num_00007__record_2_stero.wav
1781382019	024540	00007	3	time_s_1781382019_id__id_024540_num_00007_.csv	chunk_(two_mics)__id_024540_num_00007__record_3_stero.wav
1781382019	024540	00007	4	time_s_1781382019_id__id_024540_num_00007_.csv	chunk_(two_mics)__id_024540_num_00007__record_4_stero.wav
1781382019	024540	00007	5	time_s_1781382019_id__id_024540_num_00007_.csv	chunk_(two_mics)__id_024540_num_00007__record_5_stero.wav
1781382019	024540	00007	6	time_s_1781382019_id__id_024540_num_00007_.csv	chunk_(two_mics)__id_024540_num_00007__record_6_stero.wav
1781382019	024540	00007	7	time_s_1781382019_id__id_024540_num_00007_.csv	chunk_(two_mics)__id_024540_num_00007__record_7_stero.wav
1781382019	024540	00007	8	time_s_1781382019_id__id_024540_num_00007_.csv	chunk_(two_mics)__id_024540_num_00007__record_8_stero.wav
1781382019	024540	00007	9	time_s_1781382019_id__id_024540_num_00007_.csv	chunk_(two_mics)__id_024540_num_00007__record_9_stero.wav
1781382047	018043	00008	0	time_s_1781382047_id__id_018043_num_00008_.csv	chunk_(two_mics)__id_018043_num_00008__record_0_stero.wav
1781382047	018043	00008	1	time_s_1781382047_id__id_018043_num_00008_.csv	chunk_(two_mics)__id_018043_num_00008__record_1_stero.wav
1781382047	018043	00008	2	time_s_1781382047_id__id_018043_num_00008_.csv	chunk_(two_mics)__id_018043_num_00008__record_2_stero.wav
1781382047	018043	00008	3	time_s_1781382047_id__id_018043_num_00008_.csv	chunk_(two_mics)__id_018043_num_00008__record_3_stero.wav
1781382047	018043	00008	4	time_s_1781382047_id__id_018043_num_00008_.csv	chunk_(two_mics)__id_018043_num_00008__record_4_stero.wav
1781382047	018043	00008	5	time_s_1781382047_id__id_018043_num_00008_.csv	chunk_(two_mics)__id_018043_num_00008__record_5_stero.wav
1781382047	018043	00008	6	time_s_1781382047_id__id_018043_num_00008_.csv	chunk_(two_mics)__id_018043_num_00008__record_6_stero.wav
1781382047	018043	00008	7	time_s_1781382047_id__id_018043_num_00008_.csv	chunk_(two_mics)__id_018043_num_00008__record_7_stero.wav
1781382047	018043	00008	8	time_s_1781382047_id__id_018043_num_00008_.csv	chunk_(two_mics)__id_018043_num_00008__record_8_stero.wav
1781382047	018043	00008	9	time_s_1781382047_id__id_018043_num_00008_.csv	chunk_(two_mics)__id_018043_num_00008__record_9_stero.wav
1781382074	015020	00009	0	time_s_1781382074_id__id_015020_num_00009_.csv	chunk_(two_mics)__id_015020_num_00009__record_0_stero.wav
1781382074	015020	00009	1	time_s_1781382074_id__id_015020_num_00009_.csv	chunk_(two_mics)__id_015020_num_00009__record_1_stero.wav
1781382074	015020	00009	2	time_s_1781382074_id__id_015020_num_00009_.csv	chunk_(two_mics)__id_015020_num_00009__record_2_stero.wav
1781382074	015020	00009	3	time_s_1781382074_id__id_015020_num_00009_.csv	chunk_(two_mics)__id_015020_num_00009__record_3_stero.wav
1781382074	015020	00009	4	time_s_1781382074_id__id_015020_num_00009_.csv	chunk_(two_mics)__id_015020_num_00009__record_4_stero.wav
1781382074	015020	00009	5	time_s_1781382074_id__id_015020_num_00009_.csv	chunk_(two_mics)__id_015020_num_00009__record_5_stero.wav
1781382074	015020	00009	6	time_s_1781382074_id__id_015020_num_00009_.csv	chunk_(two_mics)__id_015020_num_00009__record_6_stero.wav
1781382074	015020	00009	7	time_s_1781382074_id__id_015020_num_00009_.csv	chunk_(two_mics)__id_015020_num_00009__record_7_stero.wav
1781382074	015020	00009	8	time_s_1781382074_id__id_015020_num_00009_.csv	chunk_(two_mics)__id_015020_num_00009__record_8_stero.wav
1781382074	015020	00009	9	time_s_1781382074_id__id_015020_num_00009_.csv	chunk_(two_mics)__id_015020_num_00009__record_9_stero.wav
1781382101	020995	00010	0	time_s_1781382101_id__id_020995_num_00010_.csv	chunk_(two_mics)__id_020995_num_00010__record_0_stero.wav
1781382101	020995	00010	1	time_s_1781382101_id__id_020995_num_00010_.csv	chunk_(two_mics)__id_020995_num_00010__record_1_stero.wav
1781382101	020995	00010	2	time_s_1781382101_id__id_020995_num_00010_.csv	chunk_(two_mics)__id_020995_num_00010__record_2_stero.wav
1781382101	020995	00010	3	time_s_1781382101_id__id_020995_num_00010_.csv	chunk_(two_mics)__id_020995_num_00010__record_3_stero.wav
1781382101	020995	00010	4	time_s_1781382101_id__id_020995_num_00010_.csv	chunk_(two_mics)__id_020995_num_00010__record_4_stero.wav
1781382101	020995	00010	5	time_s_1781382101_id__id_020995_num_00010_.csv	chunk_(two_mics)__id_020995_num_00010__record_5_stero.wav
1781382101	020995	00010	6	time_s_1781382101_id__id_020995_num_00010_.csv	chunk_(two_mics)__id_020995_num_00010__record_6_stero.wav
1781382101	020995	00010	7	time_s_1781382101_id__id_020995_num_00010_.csv	chunk_(two_mics)__id_020995_num_00010__record_7_stero.wav
1781382101	020995	00010	8	time_s_1781382101_id__id_020995_num_00010_.csv	chunk_(two_mics)__id_020995_num_00010__record_8_stero.wav
1781382101	020995	00010	9	time_s_1781382101_id__id_020995_num_00010_.csv	chunk_(two_mics)__id_020995_num_00010__record_9_stero.wav
1781382128	006958	00011	0	time_s_1781382128_id__id_006958_num_00011_.csv	chunk_(two_mics)__id_006958_num_00011__record_0_stero.wav
1781382128	006958	00011	1	time_s_1781382128_id__id_006958_num_00011_.csv	chunk_(two_mics)__id_006958_num_00011__record_1_stero.wav
1781382128	006958	00011	2	time_s_1781382128_id__id_006958_num_00011_.csv	chunk_(two_mics)__id_006958_num_00011__record_2_stero.wav
1781382128	006958	00011	3	time_s_1781382128_id__id_006958_num_00011_.csv	chunk_(two_mics)__id_006958_num_00011__record_3_stero.wav
1781382128	006958	00011	4	time_s_1781382128_id__id_006958_num_00011_.csv	chunk_(two_mics)__id_006958_num_00011__record_4_stero.wav
1781382128	006958	00011	5	time_s_1781382128_id__id_006958_num_00011_.csv	chunk_(two_mics)__id_006958_num_00011__record_5_stero.wav
1781382128	006958	00011	6	time_s_1781382128_id__id_006958_num_00011_.csv	chunk_(two_mics)__id_006958_num_00011__record_6_stero.wav
1781382128	006958	00011	7	time_s_1781382128_id__id_006958_num_00011_.csv	chunk_(two_mics)__id_006958_num_00011__record_7_stero.wav
1781382128	006958	00011	8	time_s_1781382128_id__id_006958_num_00011_.csv	chunk_(two_mics)__id_006958_num_00011__record_8_stero.wav
1781382128	006958	00011	9	time_s_1781382128_id__id_006958_num_00011_.csv	chunk_(two_mics)__id_006958_num_00011__record_9_stero.wav
1781382155	030766	00012	0	time_s_1781382155_id__id_030766_num_00012_.csv	chunk_(two_mics)__id_030766_num_00012__record_0_stero.wav
1781382155	030766	00012	1	time_s_1781382155_id__id_030766_num_00012_.csv	chunk_(two_mics)__id_030766_num_00012__record_1_stero.wav
1781382155	030766	00012	2	time_s_1781382155_id__id_030766_num_00012_.csv	chunk_(two_mics)__id_030766_num_00012__record_2_stero.wav
1781382155	030766	00012	3	time_s_1781382155_id__id_030766_num_00012_.csv	chunk_(two_mics)__id_030766_num_00012__record_3_stero.wav
1781382155	030766	00012	4	time_s_1781382155_id__id_030766_num_00012_.csv	chunk_(two_mics)__id_030766_num_00012__record_4_stero.wav
1781382155	030766	00012	5	time_s_1781382155_id__id_030766_num_00012_.csv	chunk_(two_mics)__id_030766_num_00012__record_5_stero.wav
1781382155	030766	00012	6	time_s_1781382155_id__id_030766_num_00012_.csv	chunk_(two_mics)__id_030766_num_00012__record_6_stero.wav
1781382155	030766	00012	7	time_s_1781382155_id__id_030766_num_00012_.csv	chunk_(two_mics)__id_030766_num_00012__record_7_stero.wav
1781382155	030766	00012	8	time_s_1781382155_id__id_030766_num_00012_.csv	chunk_(two_mics)__id_030766_num_00012__record_8_stero.wav
1781382155	030766	00012	9	time_s_1781382155_id__id_030766_num_00012_.csv	chunk_(two_mics)__id_030766_num_00012__record_9_stero.wav
1781382182	024591	00013	0	time_s_1781382182_id__id_024591_num_00013_.csv	chunk_(two_mics)__id_024591_num_00013__record_0_stero.wav
1781382182	024591	00013	1	time_s_1781382182_id__id_024591_num_00013_.csv	chunk_(two_mics)__id_024591_num_00013__record_1_stero.wav
1781382182	024591	00013	2	time_s_1781382182_id__id_024591_num_00013_.csv	chunk_(two_mics)__id_024591_num_00013__record_2_stero.wav
1781382182	024591	00013	3	time_s_1781382182_id__id_024591_num_00013_.csv	chunk_(two_mics)__id_024591_num_00013__record_3_stero.wav
1781382182	024591	00013	4	time_s_1781382182_id__id_024591_num_00013_.csv	chunk_(two_mics)__id_024591_num_00013__record_4_stero.wav
1781382182	024591	00013	5	time_s_1781382182_id__id_024591_num_00013_.csv	chunk_(two_mics)__id_024591_num_00013__record_5_stero.wav
1781382182	024591	00013	6	time_s_1781382182_id__id_024591_num_00013_.csv	chunk_(two_mics)__id_024591_num_00013__record_6_stero.wav
1781382182	024591	00013	7	time_s_1781382182_id__id_024591_num_00013_.csv	chunk_(two_mics)__id_024591_num_00013__record_7_stero.wav
1781382182	024591	00013	8	time_s_1781382182_id__id_024591_num_00013_.csv	chunk_(two_mics)__id_024591_num_00013__record_8_stero.wav
1781382182	024591	00013	9	time_s_1781382182_id__id_024591_num_00013_.csv	chunk_(two_mics)__id_024591_num_00013__record_9_stero.wav
1781382209	015367	00014	0	time_s_1781382209_id__id_015367_num_00014_.csv	chunk_(two_mics)__id_015367_num_00014__record_0_stero.wav
1781382209	015367	00014	1	time_s_1781382209_id__id_015367_num_00014_.csv	chunk_(two_mics)__id_015367_num_00014__record_1_stero.wav
1781382209	015367	00014	2	time_s_1781382209_id__id_015367_num_00014_.csv	chunk_(two_mics)__id_015367_num_00014__record_2_stero.wav
1781382209	015367	00014	3	time_s_1781382209_id__id_015367_num_00014_.csv	chunk_(two_mics)__id_015367_num_00014__record_3_stero.wav
1781382209	015367	00014	4	time_s_1781382209_id__id_015367_num_00014_.csv	chunk_(two_mics)__id_015367_num_00014__record_4_stero.wav
1781382209	015367	00014	5	time_s_1781382209_id__id_015367_num_00014_.csv	chunk_(two_mics)__id_015367_num_00014__record_5_stero.wav
1781382209	015367	00014	6	time_s_1781382209_id__id_015367_num_00014_.csv	chunk_(two_mics)__id_015367_num_00014__record_6_stero.wav
1781382209	015367	00014	7	time_s_1781382209_id__id_015367_num_00014_.csv	chunk_(two_mics)__id_015367_num_00014__record_7_stero.wav
1781382209	015367	00014	8	time_s_1781382209_id__id_015367_num_00014_.csv	chunk_(two_mics)__id_015367_num_00014__record_8_stero.wav
1781382209	015367	00014	9	time_s_1781382209_id__id_015367_num_00014_.csv	chunk_(two_mics)__id_015367_num_00014__record_9_stero.wav
1781382236	020850	00015	0	time_s_1781382236_id__id_020850_num_00015_.csv	chunk_(two_mics)__id_020850_num_00015__record_0_stero.wav
1781382236	020850	00015	1	time_s_1781382236_id__id_020850_num_00015_.csv	chunk_(two_mics)__id_020850_num_00015__record_1_stero.wav
1781382236	020850	00015	2	time_s_1781382236_id__id_020850_num_00015_.csv	chunk_(two_mics)__id_020850_num_00015__record_2_stero.wav
1781382236	020850	00015	3	time_s_1781382236_id__id_020850_num_00015_.csv	chunk_(two_mics)__id_020850_num_00015__record_3_stero.wav
1781382236	020850	00015	4	time_s_1781382236_id__id_020850_num_00015_.csv	chunk_(two_mics)__id_020850_num_00015__record_4_stero.wav
1781382236	020850	00015	5	time_s_1781382236_id__id_020850_num_00015_.csv	chunk_(two_mics)__id_020850_num_00015__record_5_stero.wav
1781382236	020850	00015	6	time_s_1781382236_id__id_020850_num_00015_.csv	chunk_(two_mics)__id_020850_num_00015__record_6_stero.wav
1781382236	020850	00015	7	time_s_1781382236_id__id_020850_num_00015_.csv	chunk_(two_mics)__id_020850_num_00015__record_7_stero.wav
1781382236	020850	00015	8	time_s_1781382236_id__id_020850_num_00015_.csv	chunk_(two_mics)__id_020850_num_00015__record_8_stero.wav
1781382236	020850	00015	9	time_s_1781382236_id__id_020850_num_00015_.csv	chunk_(two_mics)__id_020850_num_00015__record_9_stero.wav
1781382263	011350	00016	0	time_s_1781382263_id__id_011350_num_00016_.csv	chunk_(two_mics)__id_011350_num_00016__record_0_stero.wav
1781382263	011350	00016	1	time_s_1781382263_id__id_011350_num_00016_.csv	chunk_(two_mics)__id_011350_num_00016__record_1_stero.wav
1781382263	011350	00016	2	time_s_1781382263_id__id_011350_num_00016_.csv	chunk_(two_mics)__id_011350_num_00016__record_2_stero.wav
1781382263	011350	00016	3	time_s_1781382263_id__id_011350_num_00016_.csv	chunk_(two_mics)__id_011350_num_00016__record_3_stero.wav
1781382263	011350	00016	4	time_s_1781382263_id__id_011350_num_00016_.csv	chunk_(two_mics)__id_011350_num_00016__record_4_stero.wav
1781382263	011350	00016	5	time_s_1781382263_id__id_011350_num_00016_.csv	chunk_(two_mics)__id_011350_num_00016__record_5_stero.wav
1781382263	011350	00016	6	time_s_1781382263_id__id_011350_num_00016_.csv	chunk_(two_mics)__id_011350_num_00016__record_6_stero.wav
1781382263	011350	00016	7	time_s_1781382263_id__id_011350_num_00016_.csv	chunk_(two_mics)__id_011350_num_00016__record_7_stero.wav
1781382263	011350	00016	8	time_s_1781382263_id__id_011350_num_00016_.csv	chunk_(two_mics)__id_011350_num_00016__record_8_stero.wav
1781382263	011350	00016	9	time_s_1781382263_id__id_011350_num_00016_.csv	chunk_(two_mics)__id_011350_num_00016__record_9_stero.wav
1781382291	028184	00017	0	time_s_1781382291_id__id_028184_num_00017_.csv	chunk_(two_mics)__id_028184_num_00017__record_0_stero.wav
1781382291	028184	00017	1	time_s_1781382291_id__id_028184_num_00017_.csv	chunk_(two_mics)__id_028184_num_00017__record_1_stero.wav
1781382291	028184	00017	2	time_s_1781382291_id__id_028184_num_00017_.csv	chunk_(two_mics)__id_028184_num_00017__record_2_stero.wav
1781382291	028184	00017	3	time_s_1781382291_id__id_028184_num_00017_.csv	chunk_(two_mics)__id_028184_num_00017__record_3_stero.wav
1781382291	028184	00017	4	time_s_1781382291_id__id_028184_num_00017_.csv	chunk_(two_mics)__id_028184_num_00017__record_4_stero.wav
1781382291	028184	00017	5	time_s_1781382291_id__id_028184_num_00017_.csv	chunk_(two_mics)__id_028184_num_00017__record_5_stero.wav
1781382291	028184	00017	6	time_s_1781382291_id__id_028184_num_00017_.csv	chunk_(two_mics)__id_028184_num_00017__record_6_stero.wav
1781382291	028184	00017	7	time_s_1781382291_id__id_028184_num_00017_.csv	chunk_(two_mics)__id_028184_num_00017__record_7_stero.wav
1781382291	028184	00017	8	time_s_1781382291_id__id_028184_num_00017_.csv	chunk_(two_mics)__id_028184_num_00017__record_8_stero.wav
1781382291	028184	00017	9	time_s_1781382291_id__id_028184_num_00017_.csv	chunk_(two_mics)__id_028184_num_00017__record_9_stero.wav
1781382317	008884	00018	0	time_s_1781382317_id__id_008884_num_00018_.csv	chunk_(two_mics)__id_008884_num_00018__record_0_stero.wav
1781382317	008884	00018	1	time_s_1781382317_id__id_008884_num_00018_.csv	chunk_(two_mics)__id_008884_num_00018__record_1_stero.wav
1781382317	008884	00018	2	time_s_1781382317_id__id_008884_num_00018_.csv	chunk_(two_mics)__id_008884_num_00018__record_2_stero.wav
1781382317	008884	00018	3	time_s_1781382317_id__id_008884_num_00018_.csv	chunk_(two_mics)__id_008884_num_00018__record_3_stero.wav
1781382317	008884	00018	4	time_s_1781382317_id__id_008884_num_00018_.csv	chunk_(two_mics)__id_008884_num_00018__record_4_stero.wav
1781382317	008884	00018	5	time_s_1781382317_id__id_008884_num_00018_.csv	chunk_(two_mics)__id_008884_num_00018__record_5_stero.wav
1781382317	008884	00018	6	time_s_1781382317_id__id_008884_num_00018_.csv	chunk_(two_mics)__id_008884_num_00018__record_6_stero.wav
1781382317	008884	00018	7	time_s_1781382317_id__id_008884_num_00018_.csv	chunk_(two_mics)__id_008884_num_00018__record_7_stero.wav
1781382317	008884	00018	8	time_s_1781382317_id__id_008884_num_00018_.csv	chunk_(two_mics)__id_008884_num_00018__record_8_stero.wav
1781382317	008884	00018	9	time_s_1781382317_id__id_008884_num_00018_.csv	chunk_(two_mics)__id_008884_num_00018__record_9_stero.wav
1781382351	001911	00019	0	time_s_1781382351_id__id_001911_num_00019_.csv	chunk_(two_mics)__id_001911_num_00019__record_0_stero.wav
1781382351	001911	00019	1	time_s_1781382351_id__id_001911_num_00019_.csv	chunk_(two_mics)__id_001911_num_00019__record_1_stero.wav
1781382351	001911	00019	2	time_s_1781382351_id__id_001911_num_00019_.csv	chunk_(two_mics)__id_001911_num_00019__record_2_stero.wav
1781382351	001911	00019	3	time_s_1781382351_id__id_001911_num_00019_.csv	chunk_(two_mics)__id_001911_num_00019__record_3_stero.wav
1781382351	001911	00019	4	time_s_1781382351_id__id_001911_num_00019_.csv	chunk_(two_mics)__id_001911_num_00019__record_4_stero.wav
1781382351	001911	00019	5	time_s_1781382351_id__id_001911_num_00019_.csv	chunk_(two_mics)__id_001911_num_00019__record_5_stero.wav
1781382351	001911	00019	6	time_s_1781382351_id__id_001911_num_00019_.csv	chunk_(two_mics)__id_001911_num_00019__record_6_stero.wav
1781382351	001911	00019	7	time_s_1781382351_id__id_001911_num_00019_.csv	chunk_(two_mics)__id_001911_num_00019__record_7_stero.wav
1781382351	001911	00019	8	time_s_1781382351_id__id_001911_num_00019_.csv	chunk_(two_mics)__id_001911_num_00019__record_8_stero.wav
1781382351	001911	00019	9	time_s_1781382351_id__id_001911_num_00019_.csv	chunk_(two_mics)__id_001911_num_00019__record_9_stero.wav
1781382377	008887	00020	0	time_s_1781382377_id__id_008887_num_00020_.csv	chunk_(two_mics)__id_008887_num_00020__record_0_stero.wav
1781382377	008887	00020	1	time_s_1781382377_id__id_008887_num_00020_.csv	chunk_(two_mics)__id_008887_num_00020__record_1_stero.wav
1781382377	008887	00020	2	time_s_1781382377_id__id_008887_num_00020_.csv	chunk_(two_mics)__id_008887_num_00020__record_2_stero.wav
1781382377	008887	00020	3	time_s_1781382377_id__id_008887_num_00020_.csv	chunk_(two_mics)__id_008887_num_00020__record_3_stero.wav
1781382377	008887	00020	4	time_s_1781382377_id__id_008887_num_00020_.csv	chunk_(two_mics)__id_008887_num_00020__record_4_stero.wav
1781382377	008887	00020	5	time_s_1781382377_id__id_008887_num_00020_.csv	chunk_(two_mics)__id_008887_num_00020__record_5_stero.wav
1781382377	008887	00020	6	time_s_1781382377_id__id_008887_num_00020_.csv	chunk_(two_mics)__id_008887_num_00020__record_6_stero.wav
1781382377	008887	00020	7	time_s_1781382377_id__id_008887_num_00020_.csv	chunk_(two_mics)__id_008887_num_00020__record_7_stero.wav
1781382377	008887	00020	8	time_s_1781382377_id__id_008887_num_00020_.csv	chunk_(two_mics)__id_008887_num_00020__record_8_stero.wav
1781382377	008887	00020	9	time_s_1781382377_id__id_008887_num_00020_.csv	chunk_(two_mics)__id_008887_num_00020__record_9_stero.wav
1781382406	000793	00021	0	time_s_1781382406_id__id_000793_num_00021_.csv	chunk_(two_mics)__id_000793_num_00021__record_0_stero.wav
1781382406	000793	00021	1	time_s_1781382406_id__id_000793_num_00021_.csv	chunk_(two_mics)__id_000793_num_00021__record_1_stero.wav
1781382406	000793	00021	2	time_s_1781382406_id__id_000793_num_00021_.csv	chunk_(two_mics)__id_000793_num_00021__record_2_stero.wav
1781382406	000793	00021	3	time_s_1781382406_id__id_000793_num_00021_.csv	chunk_(two_mics)__id_000793_num_00021__record_3_stero.wav
1781382406	000793	00021	4	time_s_1781382406_id__id_000793_num_00021_.csv	chunk_(two_mics)__id_000793_num_00021__record_4_stero.wav
1781382406	000793	00021	5	time_s_1781382406_id__id_000793_num_00021_.csv	chunk_(two_mics)__id_000793_num_00021__record_5_stero.wav
1781382406	000793	00021	6	time_s_1781382406_id__id_000793_num_00021_.csv	chunk_(two_mics)__id_000793_num_00021__record_6_stero.wav
1781382406	000793	00021	7	time_s_1781382406_id__id_000793_num_00021_.csv	chunk_(two_mics)__id_000793_num_00021__record_7_stero.wav
1781382406	000793	00021	8	time_s_1781382406_id__id_000793_num_00021_.csv	chunk_(two_mics)__id_000793_num_00021__record_8_stero.wav
1781382406	000793	00021	9	time_s_1781382406_id__id_000793_num_00021_.csv	chunk_(two_mics)__id_000793_num_00021__record_9_stero.wav
1781382431	000825	00022	0	time_s_1781382431_id__id_000825_num_00022_.csv	chunk_(two_mics)__id_000825_num_00022__record_0_stero.wav
1781382431	000825	00022	1	time_s_1781382431_id__id_000825_num_00022_.csv	chunk_(two_mics)__id_000825_num_00022__record_1_stero.wav
1781382431	000825	00022	2	time_s_1781382431_id__id_000825_num_00022_.csv	chunk_(two_mics)__id_000825_num_00022__record_2_stero.wav
1781382431	000825	00022	3	time_s_1781382431_id__id_000825_num_00022_.csv	chunk_(two_mics)__id_000825_num_00022__record_3_stero.wav
1781382431	000825	00022	4	time_s_1781382431_id__id_000825_num_00022_.csv	chunk_(two_mics)__id_000825_num_00022__record_4_stero.wav
1781382431	000825	00022	5	time_s_1781382431_id__id_000825_num_00022_.csv	chunk_(two_mics)__id_000825_num_00022__record_5_stero.wav
1781382431	000825	00022	6	time_s_1781382431_id__id_000825_num_00022_.csv	chunk_(two_mics)__id_000825_num_00022__record_6_stero.wav
1781382431	000825	00022	7	time_s_1781382431_id__id_000825_num_00022_.csv	chunk_(two_mics)__id_000825_num_00022__record_7_stero.wav
1781382431	000825	00022	8	time_s_1781382431_id__id_000825_num_00022_.csv	chunk_(two_mics)__id_000825_num_00022__record_8_stero.wav
1781382431	000825	00022	9	time_s_1781382431_id__id_000825_num_00022_.csv	chunk_(two_mics)__id_000825_num_00022__record_9_stero.wav
1781382456	023980	00023	0	time_s_1781382456_id__id_023980_num_00023_.csv	chunk_(two_mics)__id_023980_num_00023__record_0_stero.wav
1781382456	023980	00023	1	time_s_1781382456_id__id_023980_num_00023_.csv	chunk_(two_mics)__id_023980_num_00023__record_1_stero.wav
1781382456	023980	00023	2	time_s_1781382456_id__id_023980_num_00023_.csv	chunk_(two_mics)__id_023980_num_00023__record_2_stero.wav
1781382456	023980	00023	3	time_s_1781382456_id__id_023980_num_00023_.csv	chunk_(two_mics)__id_023980_num_00023__record_3_stero.wav
1781382456	023980	00023	4	time_s_1781382456_id__id_023980_num_00023_.csv	chunk_(two_mics)__id_023980_num_00023__record_4_stero.wav
1781382456	023980	00023	5	time_s_1781382456_id__id_023980_num_00023_.csv	chunk_(two_mics)__id_023980_num_00023__record_5_stero.wav
1781382456	023980	00023	6	time_s_1781382456_id__id_023980_num_00023_.csv	chunk_(two_mics)__id_023980_num_00023__record_6_stero.wav
1781382456	023980	00023	7	time_s_1781382456_id__id_023980_num_00023_.csv	chunk_(two_mics)__id_023980_num_00023__record_7_stero.wav
1781382456	023980	00023	8	time_s_1781382456_id__id_023980_num_00023_.csv	chunk_(two_mics)__id_023980_num_00023__record_8_stero.wav
1781382456	023980	00023	9	time_s_1781382456_id__id_023980_num_00023_.csv	chunk_(two_mics)__id_023980_num_00023__record_9_stero.wav
1781382485	026011	00024	0	time_s_1781382485_id__id_026011_num_00024_.csv	chunk_(two_mics)__id_026011_num_00024__record_0_stero.wav
1781382485	026011	00024	1	time_s_1781382485_id__id_026011_num_00024_.csv	chunk_(two_mics)__id_026011_num_00024__record_1_stero.wav
1781382485	026011	00024	2	time_s_1781382485_id__id_026011_num_00024_.csv	chunk_(two_mics)__id_026011_num_00024__record_2_stero.wav
1781382485	026011	00024	3	time_s_1781382485_id__id_026011_num_00024_.csv	chunk_(two_mics)__id_026011_num_00024__record_3_stero.wav
1781382485	026011	00024	4	time_s_1781382485_id__id_026011_num_00024_.csv	chunk_(two_mics)__id_026011_num_00024__record_4_stero.wav
1781382485	026011	00024	5	time_s_1781382485_id__id_026011_num_00024_.csv	chunk_(two_mics)__id_026011_num_00024__record_5_stero.wav
1781382485	026011	00024	6	time_s_1781382485_id__id_026011_num_00024_.csv	chunk_(two_mics)__id_026011_num_00024__record_6_stero.wav
1781382485	026011	00024	7	time_s_1781382485_id__id_026011_num_00024_.csv	chunk_(two_mics)__id_026011_num_00024__record_7_stero.wav
1781382485	026011	00024	8	time_s_1781382485_id__id_026011_num_00024_.csv	chunk_(two_mics)__id_026011_num_00024__record_8_stero.wav
1781382485	026011	00024	9	time_s_1781382485_id__id_026011_num_00024_.csv	chunk_(two_mics)__id_026011_num_00024__record_9_stero.wav
1781382512	000688	00025	0	time_s_1781382512_id__id_000688_num_00025_.csv	chunk_(two_mics)__id_000688_num_00025__record_0_stero.wav
1781382512	000688	00025	1	time_s_1781382512_id__id_000688_num_00025_.csv	chunk_(two_mics)__id_000688_num_00025__record_1_stero.wav
1781382512	000688	00025	2	time_s_1781382512_id__id_000688_num_00025_.csv	chunk_(two_mics)__id_000688_num_00025__record_2_stero.wav
1781382512	000688	00025	3	time_s_1781382512_id__id_000688_num_00025_.csv	chunk_(two_mics)__id_000688_num_00025__record_3_stero.wav
1781382512	000688	00025	4	time_s_1781382512_id__id_000688_num_00025_.csv	chunk_(two_mics)__id_000688_num_00025__record_4_stero.wav
1781382512	000688	00025	5	time_s_1781382512_id__id_000688_num_00025_.csv	chunk_(two_mics)__id_000688_num_00025__record_5_stero.wav
1781382512	000688	00025	6	time_s_1781382512_id__id_000688_num_00025_.csv	chunk_(two_mics)__id_000688_num_00025__record_6_stero.wav
1781382512	000688	00025	7	time_s_1781382512_id__id_000688_num_00025_.csv	chunk_(two_mics)__id_000688_num_00025__record_7_stero.wav
1781382512	000688	00025	8	time_s_1781382512_id__id_000688_num_00025_.csv	chunk_(two_mics)__id_000688_num_00025__record_8_stero.wav
1781382512	000688	00025	9	time_s_1781382512_id__id_000688_num_00025_.csv	chunk_(two_mics)__id_000688_num_00025__record_9_stero.wav
1781382539	016972	00026	0	time_s_1781382539_id__id_016972_num_00026_.csv	chunk_(two_mics)__id_016972_num_00026__record_0_stero.wav
1781382539	016972	00026	1	time_s_1781382539_id__id_016972_num_00026_.csv	chunk_(two_mics)__id_016972_num_00026__record_1_stero.wav
1781382539	016972	00026	2	time_s_1781382539_id__id_016972_num_00026_.csv	chunk_(two_mics)__id_016972_num_00026__record_2_stero.wav
1781382539	016972	00026	3	time_s_1781382539_id__id_016972_num_00026_.csv	chunk_(two_mics)__id_016972_num_00026__record_3_stero.wav
1781382539	016972	00026	4	time_s_1781382539_id__id_016972_num_00026_.csv	chunk_(two_mics)__id_016972_num_00026__record_4_stero.wav
1781382539	016972	00026	5	time_s_1781382539_id__id_016972_num_00026_.csv	chunk_(two_mics)__id_016972_num_00026__record_5_stero.wav
1781382539	016972	00026	6	time_s_1781382539_id__id_016972_num_00026_.csv	chunk_(two_mics)__id_016972_num_00026__record_6_stero.wav
1781382539	016972	00026	7	time_s_1781382539_id__id_016972_num_00026_.csv	chunk_(two_mics)__id_016972_num_00026__record_7_stero.wav
1781382539	016972	00026	8	time_s_1781382539_id__id_016972_num_00026_.csv	chunk_(two_mics)__id_016972_num_00026__record_8_stero.wav
1781382539	016972	00026	9	time_s_1781382539_id__id_016972_num_00026_.csv	chunk_(two_mics)__id_016972_num_00026__record_9_stero.wav
1781382568	028835	00027	0	time_s_1781382568_id__id_028835_num_00027_.csv	chunk_(two_mics)__id_028835_num_00027__record_0_stero.wav
1781382568	028835	00027	1	time_s_1781382568_id__id_028835_num_00027_.csv	chunk_(two_mics)__id_028835_num_00027__record_1_stero.wav
1781382568	028835	00027	2	time_s_1781382568_id__id_028835_num_00027_.csv	chunk_(two_mics)__id_028835_num_00027__record_2_stero.wav
1781382568	028835	00027	3	time_s_1781382568_id__id_028835_num_00027_.csv	chunk_(two_mics)__id_028835_num_00027__record_3_stero.wav
1781382568	028835	00027	4	time_s_1781382568_id__id_028835_num_00027_.csv	chunk_(two_mics)__id_028835_num_00027__record_4_stero.wav
1781382568	028835	00027	5	time_s_1781382568_id__id_028835_num_00027_.csv	chunk_(two_mics)__id_028835_num_00027__record_5_stero.wav
1781382568	028835	00027	6	time_s_1781382568_id__id_028835_num_00027_.csv	chunk_(two_mics)__id_028835_num_00027__record_6_stero.wav
1781382568	028835	00027	7	time_s_1781382568_id__id_028835_num_00027_.csv	chunk_(two_mics)__id_028835_num_00027__record_7_stero.wav
1781382568	028835	00027	8	time_s_1781382568_id__id_028835_num_00027_.csv	chunk_(two_mics)__id_028835_num_00027__record_8_stero.wav
1781382568	028835	00027	9	time_s_1781382568_id__id_028835_num_00027_.csv	chunk_(two_mics)__id_028835_num_00027__record_9_stero.wav
1781382593	011120	00028	0	time_s_1781382593_id__id_011120_num_00028_.csv	chunk_(two_mics)__id_011120_num_00028__record_0_stero.wav
1781382593	011120	00028	1	time_s_1781382593_id__id_011120_num_00028_.csv	chunk_(two_mics)__id_011120_num_00028__record_1_stero.wav
1781382593	011120	00028	2	time_s_1781382593_id__id_011120_num_00028_.csv	chunk_(two_mics)__id_011120_num_00028__record_2_stero.wav
1781382593	011120	00028	3	time_s_1781382593_id__id_011120_num_00028_.csv	chunk_(two_mics)__id_011120_num_00028__record_3_stero.wav
1781382593	011120	00028	4	time_s_1781382593_id__id_011120_num_00028_.csv	chunk_(two_mics)__id_011120_num_00028__record_4_stero.wav
1781382593	011120	00028	5	time_s_1781382593_id__id_011120_num_00028_.csv	chunk_(two_mics)__id_011120_num_00028__record_5_stero.wav
1781382593	011120	00028	6	time_s_1781382593_id__id_011120_num_00028_.csv	chunk_(two_mics)__id_011120_num_00028__record_6_stero.wav
1781382593	011120	00028	7	time_s_1781382593_id__id_011120_num_00028_.csv	chunk_(two_mics)__id_011120_num_00028__record_7_stero.wav
1781382593	011120	00028	8	time_s_1781382593_id__id_011120_num_00028_.csv	chunk_(two_mics)__id_011120_num_00028__record_8_stero.wav
1781382593	011120	00028	9	time_s_1781382593_id__id_011120_num_00028_.csv	chunk_(two_mics)__id_011120_num_00028__record_9_stero.wav
1781382618	016335	00029	0	time_s_1781382618_id__id_016335_num_00029_.csv	chunk_(two_mics)__id_016335_num_00029__record_0_stero.wav
1781382618	016335	00029	1	time_s_1781382618_id__id_016335_num_00029_.csv	chunk_(two_mics)__id_016335_num_00029__record_1_stero.wav
1781382618	016335	00029	2	time_s_1781382618_id__id_016335_num_00029_.csv	chunk_(two_mics)__id_016335_num_00029__record_2_stero.wav
1781382618	016335	00029	3	time_s_1781382618_id__id_016335_num_00029_.csv	chunk_(two_mics)__id_016335_num_00029__record_3_stero.wav
1781382618	016335	00029	4	time_s_1781382618_id__id_016335_num_00029_.csv	chunk_(two_mics)__id_016335_num_00029__record_4_stero.wav
1781382618	016335	00029	5	time_s_1781382618_id__id_016335_num_00029_.csv	chunk_(two_mics)__id_016335_num_00029__record_5_stero.wav
1781382618	016335	00029	6	time_s_1781382618_id__id_016335_num_00029_.csv	chunk_(two_mics)__id_016335_num_00029__record_6_stero.wav
1781382618	016335	00029	7	time_s_1781382618_id__id_016335_num_00029_.csv	chunk_(two_mics)__id_016335_num_00029__record_7_stero.wav
1781382618	016335	00029	8	time_s_1781382618_id__id_016335_num_00029_.csv	chunk_(two_mics)__id_016335_num_00029__record_8_stero.wav
1781382618	016335	00029	9	time_s_1781382618_id__id_016335_num_00029_.csv	chunk_(two_mics)__id_016335_num_00029__record_9_stero.wav
1781382644	017353	00030	0	time_s_1781382644_id__id_017353_num_00030_.csv	chunk_(two_mics)__id_017353_num_00030__record_0_stero.wav
1781382644	017353	00030	1	time_s_1781382644_id__id_017353_num_00030_.csv	chunk_(two_mics)__id_017353_num_00030__record_1_stero.wav
1781382644	017353	00030	2	time_s_1781382644_id__id_017353_num_00030_.csv	chunk_(two_mics)__id_017353_num_00030__record_2_stero.wav
1781382644	017353	00030	3	time_s_1781382644_id__id_017353_num_00030_.csv	chunk_(two_mics)__id_017353_num_00030__record_3_stero.wav
1781382644	017353	00030	4	time_s_1781382644_id__id_017353_num_00030_.csv	chunk_(two_mics)__id_017353_num_00030__record_4_stero.wav
1781382644	017353	00030	5	time_s_1781382644_id__id_017353_num_00030_.csv	chunk_(two_mics)__id_017353_num_00030__record_5_stero.wav
1781382644	017353	00030	6	time_s_1781382644_id__id_017353_num_00030_.csv	chunk_(two_mics)__id_017353_num_00030__record_6_stero.wav
1781382644	017353	00030	7	time_s_1781382644_id__id_017353_num_00030_.csv	chunk_(two_mics)__id_017353_num_00030__record_7_stero.wav
1781382644	017353	00030	8	time_s_1781382644_id__id_017353_num_00030_.csv	chunk_(two_mics)__id_017353_num_00030__record_8_stero.wav
1781382644	017353	00030	9	time_s_1781382644_id__id_017353_num_00030_.csv	chunk_(two_mics)__id_017353_num_00030__record_9_stero.wav
1781382673	012712	00031	0	time_s_1781382673_id__id_012712_num_00031_.csv	chunk_(two_mics)__id_012712_num_00031__record_0_stero.wav
1781382673	012712	00031	1	time_s_1781382673_id__id_012712_num_00031_.csv	chunk_(two_mics)__id_012712_num_00031__record_1_stero.wav
1781382673	012712	00031	2	time_s_1781382673_id__id_012712_num_00031_.csv	chunk_(two_mics)__id_012712_num_00031__record_2_stero.wav
1781382673	012712	00031	3	time_s_1781382673_id__id_012712_num_00031_.csv	chunk_(two_mics)__id_012712_num_00031__record_3_stero.wav
1781382673	012712	00031	4	time_s_1781382673_id__id_012712_num_00031_.csv	chunk_(two_mics)__id_012712_num_00031__record_4_stero.wav
1781382673	012712	00031	5	time_s_1781382673_id__id_012712_num_00031_.csv	chunk_(two_mics)__id_012712_num_00031__record_5_stero.wav
1781382673	012712	00031	6	time_s_1781382673_id__id_012712_num_00031_.csv	chunk_(two_mics)__id_012712_num_00031__record_6_stero.wav
1781382673	012712	00031	7	time_s_1781382673_id__id_012712_num_00031_.csv	chunk_(two_mics)__id_012712_num_00031__record_7_stero.wav
1781382673	012712	00031	8	time_s_1781382673_id__id_012712_num_00031_.csv	chunk_(two_mics)__id_012712_num_00031__record_8_stero.wav
1781382673	012712	00031	9	time_s_1781382673_id__id_012712_num_00031_.csv	chunk_(two_mics)__id_012712_num_00031__record_9_stero.wav
1781382698	010968	00032	0	time_s_1781382698_id__id_010968_num_00032_.csv	chunk_(two_mics)__id_010968_num_00032__record_0_stero.wav
1781382698	010968	00032	1	time_s_1781382698_id__id_010968_num_00032_.csv	chunk_(two_mics)__id_010968_num_00032__record_1_stero.wav
1781382698	010968	00032	2	time_s_1781382698_id__id_010968_num_00032_.csv	chunk_(two_mics)__id_010968_num_00032__record_2_stero.wav
1781382698	010968	00032	3	time_s_1781382698_id__id_010968_num_00032_.csv	chunk_(two_mics)__id_010968_num_00032__record_3_stero.wav
1781382698	010968	00032	4	time_s_1781382698_id__id_010968_num_00032_.csv	chunk_(two_mics)__id_010968_num_00032__record_4_stero.wav
1781382698	010968	00032	5	time_s_1781382698_id__id_010968_num_00032_.csv	chunk_(two_mics)__id_010968_num_00032__record_5_stero.wav
1781382698	010968	00032	6	time_s_1781382698_id__id_010968_num_00032_.csv	chunk_(two_mics)__id_010968_num_00032__record_6_stero.wav
1781382698	010968	00032	7	time_s_1781382698_id__id_010968_num_00032_.csv	chunk_(two_mics)__id_010968_num_00032__record_7_stero.wav
1781382698	010968	00032	8	time_s_1781382698_id__id_010968_num_00032_.csv	chunk_(two_mics)__id_010968_num_00032__record_8_stero.wav
1781382698	010968	00032	9	time_s_1781382698_id__id_010968_num_00032_.csv	chunk_(two_mics)__id_010968_num_00032__record_9_stero.wav
1781382725	025380	00033	0	time_s_1781382725_id__id_025380_num_00033_.csv	chunk_(two_mics)__id_025380_num_00033__record_0_stero.wav
1781382725	025380	00033	1	time_s_1781382725_id__id_025380_num_00033_.csv	chunk_(two_mics)__id_025380_num_00033__record_1_stero.wav
1781382725	025380	00033	2	time_s_1781382725_id__id_025380_num_00033_.csv	chunk_(two_mics)__id_025380_num_00033__record_2_stero.wav
1781382725	025380	00033	3	time_s_1781382725_id__id_025380_num_00033_.csv	chunk_(two_mics)__id_025380_num_00033__record_3_stero.wav
1781382725	025380	00033	4	time_s_1781382725_id__id_025380_num_00033_.csv	chunk_(two_mics)__id_025380_num_00033__record_4_stero.wav
1781382725	025380	00033	5	time_s_1781382725_id__id_025380_num_00033_.csv	chunk_(two_mics)__id_025380_num_00033__record_5_stero.wav
1781382725	025380	00033	6	time_s_1781382725_id__id_025380_num_00033_.csv	chunk_(two_mics)__id_025380_num_00033__record_6_stero.wav
1781382725	025380	00033	7	time_s_1781382725_id__id_025380_num_00033_.csv	chunk_(two_mics)__id_025380_num_00033__record_7_stero.wav
1781382725	025380	00033	8	time_s_1781382725_id__id_025380_num_00033_.csv	chunk_(two_mics)__id_025380_num_00033__record_8_stero.wav
1781382725	025380	00033	9	time_s_1781382725_id__id_025380_num_00033_.csv	chunk_(two_mics)__id_025380_num_00033__record_9_stero.wav
1781382750	007746	00034	0	time_s_1781382750_id__id_007746_num_00034_.csv	chunk_(two_mics)__id_007746_num_00034__record_0_stero.wav
1781382750	007746	00034	1	time_s_1781382750_id__id_007746_num_00034_.csv	chunk_(two_mics)__id_007746_num_00034__record_1_stero.wav
1781382750	007746	00034	2	time_s_1781382750_id__id_007746_num_00034_.csv	chunk_(two_mics)__id_007746_num_00034__record_2_stero.wav
1781382750	007746	00034	3	time_s_1781382750_id__id_007746_num_00034_.csv	chunk_(two_mics)__id_007746_num_00034__record_3_stero.wav
1781382750	007746	00034	4	time_s_1781382750_id__id_007746_num_00034_.csv	chunk_(two_mics)__id_007746_num_00034__record_4_stero.wav
1781382750	007746	00034	5	time_s_1781382750_id__id_007746_num_00034_.csv	chunk_(two_mics)__id_007746_num_00034__record_5_stero.wav
1781382750	007746	00034	6	time_s_1781382750_id__id_007746_num_00034_.csv	chunk_(two_mics)__id_007746_num_00034__record_6_stero.wav
1781382750	007746	00034	7	time_s_1781382750_id__id_007746_num_00034_.csv	chunk_(two_mics)__id_007746_num_00034__record_7_stero.wav
1781382750	007746	00034	8	time_s_1781382750_id__id_007746_num_00034_.csv	chunk_(two_mics)__id_007746_num_00034__record_8_stero.wav
1781382750	007746	00034	9	time_s_1781382750_id__id_007746_num_00034_.csv	chunk_(two_mics)__id_007746_num_00034__record_9_stero.wav
1781382779	011748	00035	0	time_s_1781382779_id__id_011748_num_00035_.csv	chunk_(two_mics)__id_011748_num_00035__record_0_stero.wav
1781382779	011748	00035	1	time_s_1781382779_id__id_011748_num_00035_.csv	chunk_(two_mics)__id_011748_num_00035__record_1_stero.wav
1781382779	011748	00035	2	time_s_1781382779_id__id_011748_num_00035_.csv	chunk_(two_mics)__id_011748_num_00035__record_2_stero.wav
1781382779	011748	00035	3	time_s_1781382779_id__id_011748_num_00035_.csv	chunk_(two_mics)__id_011748_num_00035__record_3_stero.wav
1781382779	011748	00035	4	time_s_1781382779_id__id_011748_num_00035_.csv	chunk_(two_mics)__id_011748_num_00035__record_4_stero.wav
1781382779	011748	00035	5	time_s_1781382779_id__id_011748_num_00035_.csv	chunk_(two_mics)__id_011748_num_00035__record_5_stero.wav
1781382779	011748	00035	6	time_s_1781382779_id__id_011748_num_00035_.csv	chunk_(two_mics)__id_011748_num_00035__record_6_stero.wav
1781382779	011748	00035	7	time_s_1781382779_id__id_011748_num_00035_.csv	chunk_(two_mics)__id_011748_num_00035__record_7_stero.wav
1781382779	011748	00035	8	time_s_1781382779_id__id_011748_num_00035_.csv	chunk_(two_mics)__id_011748_num_00035__record_8_stero.wav
1781382779	011748	00035	9	time_s_1781382779_id__id_011748_num_00035_.csv	chunk_(two_mics)__id_011748_num_00035__record_9_stero.wav
1781382806	020745	00036	0	time_s_1781382806_id__id_020745_num_00036_.csv	chunk_(two_mics)__id_020745_num_00036__record_0_stero.wav
1781382806	020745	00036	1	time_s_1781382806_id__id_020745_num_00036_.csv	chunk_(two_mics)__id_020745_num_00036__record_1_stero.wav
1781382806	020745	00036	2	time_s_1781382806_id__id_020745_num_00036_.csv	chunk_(two_mics)__id_020745_num_00036__record_2_stero.wav
1781382806	020745	00036	3	time_s_1781382806_id__id_020745_num_00036_.csv	chunk_(two_mics)__id_020745_num_00036__record_3_stero.wav
1781382806	020745	00036	4	time_s_1781382806_id__id_020745_num_00036_.csv	chunk_(two_mics)__id_020745_num_00036__record_4_stero.wav
1781382806	020745	00036	5	time_s_1781382806_id__id_020745_num_00036_.csv	chunk_(two_mics)__id_020745_num_00036__record_5_stero.wav
1781382806	020745	00036	6	time_s_1781382806_id__id_020745_num_00036_.csv	chunk_(two_mics)__id_020745_num_00036__record_6_stero.wav
1781382806	020745	00036	7	time_s_1781382806_id__id_020745_num_00036_.csv	chunk_(two_mics)__id_020745_num_00036__record_7_stero.wav
1781382806	020745	00036	8	time_s_1781382806_id__id_020745_num_00036_.csv	chunk_(two_mics)__id_020745_num_00036__record_8_stero.wav
1781382806	020745	00036	9	time_s_1781382806_id__id_020745_num_00036_.csv	chunk_(two_mics)__id_020745_num_00036__record_9_stero.wav
1781382833	004770	00037	0	time_s_1781382833_id__id_004770_num_00037_.csv	chunk_(two_mics)__id_004770_num_00037__record_0_stero.wav
1781382833	004770	00037	1	time_s_1781382833_id__id_004770_num_00037_.csv	chunk_(two_mics)__id_004770_num_00037__record_1_stero.wav
1781382833	004770	00037	2	time_s_1781382833_id__id_004770_num_00037_.csv	chunk_(two_mics)__id_004770_num_00037__record_2_stero.wav
1781382833	004770	00037	3	time_s_1781382833_id__id_004770_num_00037_.csv	chunk_(two_mics)__id_004770_num_00037__record_3_stero.wav
1781382833	004770	00037	4	time_s_1781382833_id__id_004770_num_00037_.csv	chunk_(two_mics)__id_004770_num_00037__record_4_stero.wav
1781382833	004770	00037	5	time_s_1781382833_id__id_004770_num_00037_.csv	chunk_(two_mics)__id_004770_num_00037__record_5_stero.wav
1781382833	004770	00037	6	time_s_1781382833_id__id_004770_num_00037_.csv	chunk_(two_mics)__id_004770_num_00037__record_6_stero.wav
1781382833	004770	00037	7	time_s_1781382833_id__id_004770_num_00037_.csv	chunk_(two_mics)__id_004770_num_00037__record_7_stero.wav
1781382833	004770	00037	8	time_s_1781382833_id__id_004770_num_00037_.csv	chunk_(two_mics)__id_004770_num_00037__record_8_stero.wav
1781382833	004770	00037	9	time_s_1781382833_id__id_004770_num_00037_.csv	chunk_(two_mics)__id_004770_num_00037__record_9_stero.wav
1781382860	003009	00038	0	time_s_1781382860_id__id_003009_num_00038_.csv	chunk_(two_mics)__id_003009_num_00038__record_0_stero.wav
1781382860	003009	00038	1	time_s_1781382860_id__id_003009_num_00038_.csv	chunk_(two_mics)__id_003009_num_00038__record_1_stero.wav
1781382860	003009	00038	2	time_s_1781382860_id__id_003009_num_00038_.csv	chunk_(two_mics)__id_003009_num_00038__record_2_stero.wav
1781382860	003009	00038	3	time_s_1781382860_id__id_003009_num_00038_.csv	chunk_(two_mics)__id_003009_num_00038__record_3_stero.wav
1781382860	003009	00038	4	time_s_1781382860_id__id_003009_num_00038_.csv	chunk_(two_mics)__id_003009_num_00038__record_4_stero.wav
1781382860	003009	00038	5	time_s_1781382860_id__id_003009_num_00038_.csv	chunk_(two_mics)__id_003009_num_00038__record_5_stero.wav
1781382860	003009	00038	6	time_s_1781382860_id__id_003009_num_00038_.csv	chunk_(two_mics)__id_003009_num_00038__record_6_stero.wav
1781382860	003009	00038	7	time_s_1781382860_id__id_003009_num_00038_.csv	chunk_(two_mics)__id_003009_num_00038__record_7_stero.wav
1781382860	003009	00038	8	time_s_1781382860_id__id_003009_num_00038_.csv	chunk_(two_mics)__id_003009_num_00038__record_8_stero.wav
1781382860	003009	00038	9	time_s_1781382860_id__id_003009_num_00038_.csv	chunk_(two_mics)__id_003009_num_00038__record_9_stero.wav
1781382887	001890	00039	0	time_s_1781382887_id__id_001890_num_00039_.csv	chunk_(two_mics)__id_001890_num_00039__record_0_stero.wav
1781382887	001890	00039	1	time_s_1781382887_id__id_001890_num_00039_.csv	chunk_(two_mics)__id_001890_num_00039__record_1_stero.wav
1781382887	001890	00039	2	time_s_1781382887_id__id_001890_num_00039_.csv	chunk_(two_mics)__id_001890_num_00039__record_2_stero.wav
1781382887	001890	00039	3	time_s_1781382887_id__id_001890_num_00039_.csv	chunk_(two_mics)__id_001890_num_00039__record_3_stero.wav
1781382887	001890	00039	4	time_s_1781382887_id__id_001890_num_00039_.csv	chunk_(two_mics)__id_001890_num_00039__record_4_stero.wav
1781382887	001890	00039	5	time_s_1781382887_id__id_001890_num_00039_.csv	chunk_(two_mics)__id_001890_num_00039__record_5_stero.wav
1781382887	001890	00039	6	time_s_1781382887_id__id_001890_num_00039_.csv	chunk_(two_mics)__id_001890_num_00039__record_6_stero.wav
1781382887	001890	00039	7	time_s_1781382887_id__id_001890_num_00039_.csv	chunk_(two_mics)__id_001890_num_00039__record_7_stero.wav
1781382887	001890	00039	8	time_s_1781382887_id__id_001890_num_00039_.csv	chunk_(two_mics)__id_001890_num_00039__record_8_stero.wav
1781382887	001890	00039	9	time_s_1781382887_id__id_001890_num_00039_.csv	chunk_(two_mics)__id_001890_num_00039__record_9_stero.wav
1781382916	015983	00040	0	time_s_1781382916_id__id_015983_num_00040_.csv	chunk_(two_mics)__id_015983_num_00040__record_0_stero.wav
1781382916	015983	00040	1	time_s_1781382916_id__id_015983_num_00040_.csv	chunk_(two_mics)__id_015983_num_00040__record_1_stero.wav
1781382916	015983	00040	2	time_s_1781382916_id__id_015983_num_00040_.csv	chunk_(two_mics)__id_015983_num_00040__record_2_stero.wav
1781382916	015983	00040	3	time_s_1781382916_id__id_015983_num_00040_.csv	chunk_(two_mics)__id_015983_num_00040__record_3_stero.wav
1781382916	015983	00040	4	time_s_1781382916_id__id_015983_num_00040_.csv	chunk_(two_mics)__id_015983_num_00040__record_4_stero.wav
1781382916	015983	00040	5	time_s_1781382916_id__id_015983_num_00040_.csv	chunk_(two_mics)__id_015983_num_00040__record_5_stero.wav
1781382916	015983	00040	6	time_s_1781382916_id__id_015983_num_00040_.csv	chunk_(two_mics)__id_015983_num_00040__record_6_stero.wav
1781382916	015983	00040	7	time_s_1781382916_id__id_015983_num_00040_.csv	chunk_(two_mics)__id_015983_num_00040__record_7_stero.wav
1781382916	015983	00040	8	time_s_1781382916_id__id_015983_num_00040_.csv	chunk_(two_mics)__id_015983_num_00040__record_8_stero.wav
1781382916	015983	00040	9	time_s_1781382916_id__id_015983_num_00040_.csv	chunk_(two_mics)__id_015983_num_00040__record_9_stero.wav
1781382941	016741	00041	0	time_s_1781382941_id__id_016741_num_00041_.csv	chunk_(two_mics)__id_016741_num_00041__record_0_stero.wav
1781382941	016741	00041	1	time_s_1781382941_id__id_016741_num_00041_.csv	chunk_(two_mics)__id_016741_num_00041__record_1_stero.wav
1781382941	016741	00041	2	time_s_1781382941_id__id_016741_num_00041_.csv	chunk_(two_mics)__id_016741_num_00041__record_2_stero.wav
1781382941	016741	00041	3	time_s_1781382941_id__id_016741_num_00041_.csv	chunk_(two_mics)__id_016741_num_00041__record_3_stero.wav
1781382941	016741	00041	4	time_s_1781382941_id__id_016741_num_00041_.csv	chunk_(two_mics)__id_016741_num_00041__record_4_stero.wav
1781382941	016741	00041	5	time_s_1781382941_id__id_016741_num_00041_.csv	chunk_(two_mics)__id_016741_num_00041__record_5_stero.wav
1781382941	016741	00041	6	time_s_1781382941_id__id_016741_num_00041_.csv	chunk_(two_mics)__id_016741_num_00041__record_6_stero.wav
1781382941	016741	00041	7	time_s_1781382941_id__id_016741_num_00041_.csv	chunk_(two_mics)__id_016741_num_00041__record_7_stero.wav
1781382941	016741	00041	8	time_s_1781382941_id__id_016741_num_00041_.csv	chunk_(two_mics)__id_016741_num_00041__record_8_stero.wav
1781382941	016741	00041	9	time_s_1781382941_id__id_016741_num_00041_.csv	chunk_(two_mics)__id_016741_num_00041__record_9_stero.wav
1781382966	022379	00042	0	time_s_1781382966_id__id_022379_num_00042_.csv	chunk_(two_mics)__id_022379_num_00042__record_0_stero.wav
1781382966	022379	00042	1	time_s_1781382966_id__id_022379_num_00042_.csv	chunk_(two_mics)__id_022379_num_00042__record_1_stero.wav
1781382966	022379	00042	2	time_s_1781382966_id__id_022379_num_00042_.csv	chunk_(two_mics)__id_022379_num_00042__record_2_stero.wav
1781382966	022379	00042	3	time_s_1781382966_id__id_022379_num_00042_.csv	chunk_(two_mics)__id_022379_num_00042__record_3_stero.wav
1781382966	022379	00042	4	time_s_1781382966_id__id_022379_num_00042_.csv	chunk_(two_mics)__id_022379_num_00042__record_4_stero.wav
1781382966	022379	00042	5	time_s_1781382966_id__id_022379_num_00042_.csv	chunk_(two_mics)__id_022379_num_00042__record_5_stero.wav
1781382966	022379	00042	6	time_s_1781382966_id__id_022379_num_00042_.csv	chunk_(two_mics)__id_022379_num_00042__record_6_stero.wav
1781382966	022379	00042	7	time_s_1781382966_id__id_022379_num_00042_.csv	chunk_(two_mics)__id_022379_num_00042__record_7_stero.wav
1781382966	022379	00042	8	time_s_1781382966_id__id_022379_num_00042_.csv	chunk_(two_mics)__id_022379_num_00042__record_8_stero.wav
1781382966	022379	00042	9	time_s_1781382966_id__id_022379_num_00042_.csv	chunk_(two_mics)__id_022379_num_00042__record_9_stero.wav
1781382997	001566	00043	0	time_s_1781382997_id__id_001566_num_00043_.csv	chunk_(two_mics)__id_001566_num_00043__record_0_stero.wav
1781382997	001566	00043	1	time_s_1781382997_id__id_001566_num_00043_.csv	chunk_(two_mics)__id_001566_num_00043__record_1_stero.wav
1781382997	001566	00043	2	time_s_1781382997_id__id_001566_num_00043_.csv	chunk_(two_mics)__id_001566_num_00043__record_2_stero.wav
1781382997	001566	00043	3	time_s_1781382997_id__id_001566_num_00043_.csv	chunk_(two_mics)__id_001566_num_00043__record_3_stero.wav
1781382997	001566	00043	4	time_s_1781382997_id__id_001566_num_00043_.csv	chunk_(two_mics)__id_001566_num_00043__record_4_stero.wav
1781382997	001566	00043	5	time_s_1781382997_id__id_001566_num_00043_.csv	chunk_(two_mics)__id_001566_num_00043__record_5_stero.wav
1781382997	001566	00043	6	time_s_1781382997_id__id_001566_num_00043_.csv	chunk_(two_mics)__id_001566_num_00043__record_6_stero.wav
1781382997	001566	00043	7	time_s_1781382997_id__id_001566_num_00043_.csv	chunk_(two_mics)__id_001566_num_00043__record_7_stero.wav
1781382997	001566	00043	8	time_s_1781382997_id__id_001566_num_00043_.csv	chunk_(two_mics)__id_001566_num_00043__record_8_stero.wav
1781382997	001566	00043	9	time_s_1781382997_id__id_001566_num_00043_.csv	chunk_(two_mics)__id_001566_num_00043__record_9_stero.wav
1781383022	021503	00044	0	time_s_1781383022_id__id_021503_num_00044_.csv	chunk_(two_mics)__id_021503_num_00044__record_0_stero.wav
1781383022	021503	00044	1	time_s_1781383022_id__id_021503_num_00044_.csv	chunk_(two_mics)__id_021503_num_00044__record_1_stero.wav
1781383022	021503	00044	2	time_s_1781383022_id__id_021503_num_00044_.csv	chunk_(two_mics)__id_021503_num_00044__record_2_stero.wav
1781383022	021503	00044	3	time_s_1781383022_id__id_021503_num_00044_.csv	chunk_(two_mics)__id_021503_num_00044__record_3_stero.wav
1781383022	021503	00044	4	time_s_1781383022_id__id_021503_num_00044_.csv	chunk_(two_mics)__id_021503_num_00044__record_4_stero.wav
1781383022	021503	00044	5	time_s_1781383022_id__id_021503_num_00044_.csv	chunk_(two_mics)__id_021503_num_00044__record_5_stero.wav
1781383022	021503	00044	6	time_s_1781383022_id__id_021503_num_00044_.csv	chunk_(two_mics)__id_021503_num_00044__record_6_stero.wav
1781383022	021503	00044	7	time_s_1781383022_id__id_021503_num_00044_.csv	chunk_(two_mics)__id_021503_num_00044__record_7_stero.wav
1781383022	021503	00044	8	time_s_1781383022_id__id_021503_num_00044_.csv	chunk_(two_mics)__id_021503_num_00044__record_8_stero.wav
1781383022	021503	00044	9	time_s_1781383022_id__id_021503_num_00044_.csv	chunk_(two_mics)__id_021503_num_00044__record_9_stero.wav
1781383050	015518	00045	0	time_s_1781383050_id__id_015518_num_00045_.csv	chunk_(two_mics)__id_015518_num_00045__record_0_stero.wav
1781383050	015518	00045	1	time_s_1781383050_id__id_015518_num_00045_.csv	chunk_(two_mics)__id_015518_num_00045__record_1_stero.wav
1781383050	015518	00045	2	time_s_1781383050_id__id_015518_num_00045_.csv	chunk_(two_mics)__id_015518_num_00045__record_2_stero.wav
1781383050	015518	00045	3	time_s_1781383050_id__id_015518_num_00045_.csv	chunk_(two_mics)__id_015518_num_00045__record_3_stero.wav
1781383050	015518	00045	4	time_s_1781383050_id__id_015518_num_00045_.csv	chunk_(two_mics)__id_015518_num_00045__record_4_stero.wav
1781383050	015518	00045	5	time_s_1781383050_id__id_015518_num_00045_.csv	chunk_(two_mics)__id_015518_num_00045__record_5_stero.wav
1781383050	015518	00045	6	time_s_1781383050_id__id_015518_num_00045_.csv	chunk_(two_mics)__id_015518_num_00045__record_6_stero.wav
1781383050	015518	00045	7	time_s_1781383050_id__id_015518_num_00045_.csv	chunk_(two_mics)__id_015518_num_00045__record_7_stero.wav
1781383050	015518	00045	8	time_s_1781383050_id__id_015518_num_00045_.csv	chunk_(two_mics)__id_015518_num_00045__record_8_stero.wav
1781383050	015518	00045	9	time_s_1781383050_id__id_015518_num_00045_.csv	chunk_(two_mics)__id_015518_num_00045__record_9_stero.wav
1781383075	006938	00046	0	time_s_1781383075_id__id_006938_num_00046_.csv	chunk_(two_mics)__id_006938_num_00046__record_0_stero.wav
1781383075	006938	00046	1	time_s_1781383075_id__id_006938_num_00046_.csv	chunk_(two_mics)__id_006938_num_00046__record_1_stero.wav
1781383075	006938	00046	2	time_s_1781383075_id__id_006938_num_00046_.csv	chunk_(two_mics)__id_006938_num_00046__record_2_stero.wav
1781383075	006938	00046	3	time_s_1781383075_id__id_006938_num_00046_.csv	chunk_(two_mics)__id_006938_num_00046__record_3_stero.wav
1781383075	006938	00046	4	time_s_1781383075_id__id_006938_num_00046_.csv	chunk_(two_mics)__id_006938_num_00046__record_4_stero.wav
1781383075	006938	00046	5	time_s_1781383075_id__id_006938_num_00046_.csv	chunk_(two_mics)__id_006938_num_00046__record_5_stero.wav
1781383075	006938	00046	6	time_s_1781383075_id__id_006938_num_00046_.csv	chunk_(two_mics)__id_006938_num_00046__record_6_stero.wav
1781383075	006938	00046	7	time_s_1781383075_id__id_006938_num_00046_.csv	chunk_(two_mics)__id_006938_num_00046__record_7_stero.wav
1781383075	006938	00046	8	time_s_1781383075_id__id_006938_num_00046_.csv	chunk_(two_mics)__id_006938_num_00046__record_8_stero.wav
1781383075	006938	00046	9	time_s_1781383075_id__id_006938_num_00046_.csv	chunk_(two_mics)__id_006938_num_00046__record_9_stero.wav
1781383103	005488	00047	0	time_s_1781383103_id__id_005488_num_00047_.csv	chunk_(two_mics)__id_005488_num_00047__record_0_stero.wav
1781383103	005488	00047	1	time_s_1781383103_id__id_005488_num_00047_.csv	chunk_(two_mics)__id_005488_num_00047__record_1_stero.wav
1781383103	005488	00047	2	time_s_1781383103_id__id_005488_num_00047_.csv	chunk_(two_mics)__id_005488_num_00047__record_2_stero.wav
1781383103	005488	00047	3	time_s_1781383103_id__id_005488_num_00047_.csv	chunk_(two_mics)__id_005488_num_00047__record_3_stero.wav
1781383103	005488	00047	4	time_s_1781383103_id__id_005488_num_00047_.csv	chunk_(two_mics)__id_005488_num_00047__record_4_stero.wav
1781383103	005488	00047	5	time_s_1781383103_id__id_005488_num_00047_.csv	chunk_(two_mics)__id_005488_num_00047__record_5_stero.wav
1781383103	005488	00047	6	time_s_1781383103_id__id_005488_num_00047_.csv	chunk_(two_mics)__id_005488_num_00047__record_6_stero.wav
1781383103	005488	00047	7	time_s_1781383103_id__id_005488_num_00047_.csv	chunk_(two_mics)__id_005488_num_00047__record_7_stero.wav
1781383103	005488	00047	8	time_s_1781383103_id__id_005488_num_00047_.csv	chunk_(two_mics)__id_005488_num_00047__record_8_stero.wav
1781383103	005488	00047	9	time_s_1781383103_id__id_005488_num_00047_.csv	chunk_(two_mics)__id_005488_num_00047__record_9_stero.wav
1781383130	000197	00048	0	time_s_1781383130_id__id_000197_num_00048_.csv	chunk_(two_mics)__id_000197_num_00048__record_0_stero.wav
1781383130	000197	00048	1	time_s_1781383130_id__id_000197_num_00048_.csv	chunk_(two_mics)__id_000197_num_00048__record_1_stero.wav
1781383130	000197	00048	2	time_s_1781383130_id__id_000197_num_00048_.csv	chunk_(two_mics)__id_000197_num_00048__record_2_stero.wav
1781383130	000197	00048	3	time_s_1781383130_id__id_000197_num_00048_.csv	chunk_(two_mics)__id_000197_num_00048__record_3_stero.wav
1781383130	000197	00048	4	time_s_1781383130_id__id_000197_num_00048_.csv	chunk_(two_mics)__id_000197_num_00048__record_4_stero.wav
1781383130	000197	00048	5	time_s_1781383130_id__id_000197_num_00048_.csv	chunk_(two_mics)__id_000197_num_00048__record_5_stero.wav
1781383130	000197	00048	6	time_s_1781383130_id__id_000197_num_00048_.csv	chunk_(two_mics)__id_000197_num_00048__record_6_stero.wav
1781383130	000197	00048	7	time_s_1781383130_id__id_000197_num_00048_.csv	chunk_(two_mics)__id_000197_num_00048__record_7_stero.wav
1781383130	000197	00048	8	time_s_1781383130_id__id_000197_num_00048_.csv	chunk_(two_mics)__id_000197_num_00048__record_8_stero.wav
1781383130	000197	00048	9	time_s_1781383130_id__id_000197_num_00048_.csv	chunk_(two_mics)__id_000197_num_00048__record_9_stero.wav
1781383184	022709	00050	0	time_s_1781383184_id__id_022709_num_00050_.csv	chunk_(two_mics)__id_022709_num_00050__record_0_stero.wav
1781383184	022709	00050	1	time_s_1781383184_id__id_022709_num_00050_.csv	chunk_(two_mics)__id_022709_num_00050__record_1_stero.wav
1781383184	022709	00050	2	time_s_1781383184_id__id_022709_num_00050_.csv	chunk_(two_mics)__id_022709_num_00050__record_2_stero.wav
1781383184	022709	00050	3	time_s_1781383184_id__id_022709_num_00050_.csv	chunk_(two_mics)__id_022709_num_00050__record_3_stero.wav
1781383184	022709	00050	4	time_s_1781383184_id__id_022709_num_00050_.csv	chunk_(two_mics)__id_022709_num_00050__record_4_stero.wav
1781383184	022709	00050	5	time_s_1781383184_id__id_022709_num_00050_.csv	chunk_(two_mics)__id_022709_num_00050__record_5_stero.wav
1781383184	022709	00050	6	time_s_1781383184_id__id_022709_num_00050_.csv	chunk_(two_mics)__id_022709_num_00050__record_6_stero.wav
1781383184	022709	00050	7	time_s_1781383184_id__id_022709_num_00050_.csv	chunk_(two_mics)__id_022709_num_00050__record_7_stero.wav
1781383184	022709	00050	8	time_s_1781383184_id__id_022709_num_00050_.csv	chunk_(two_mics)__id_022709_num_00050__record_8_stero.wav
1781383184	022709	00050	9	time_s_1781383184_id__id_022709_num_00050_.csv	chunk_(two_mics)__id_022709_num_00050__record_9_stero.wav
